"Sir Miles, Servant of the Flame (I)",complete
"Sir Miles, Servant of the Flame (I)",complete
"Sir Miles, Servant of the Flame (II)",complete
"Sir Miles, Servant of the Flame (III)",complete
The Innocent Inmate,complete
The Slumbering Giant,complete
Lianna and Eliza,complete
Let There Be Warmth,complete
Setting Out,complete
Arianna Again (I),complete
Arianna Again (I),complete
Arianna Again (II),complete
Here Be Dragons,complete
Heirloom of a High House,complete
Ogen's Epilogue,complete
Theracio's Tutelage (I),complete
Theracio's Tutelage (I),complete
Theracio's Tutelage (II),complete
Theracio's Tutelage (III),complete
The Prodigious Painting,complete
Fit for a King,complete
City of Gold,complete
Zeph and Mercedes (II),complete
In Search of Father (I),complete
The Gravekeeper's Grief,complete
The Price of Vengeance,complete
Mikk and Makk Make Good,complete
Scaredy Sheep,complete
Tilting at Windmills (page does not exist),complete
"Le Mann, Explorer Extraordinaire (I) (page does not exist)",complete
"Le Mann, Explorer Extraordinaire (I) (page does not exist)",complete
"Le Mann, Explorer Extraordinaire (II) (page does not exist)",complete
"Le Mann, Explorer Extraordinaire (III) (page does not exist)",complete
Love Unrequited (page does not exist),complete
"Princess Mary, Redux (page does not exist)",complete
In Search of Father (II),complete
Left Behind (page does not exist),complete
The Merchant's Path (page does not exist),complete
Scourge of the Seas (page does not exist),complete
An Exotic Aroma (page does not exist),complete
The Diarist's Desire (page does not exist),complete
Keeping Up with the Wyndhams (page does not exist),complete
"Noelle, Seeker of Knowledge (I)",complete
"Noelle, Seeker of Knowledge (I)",complete
"Noelle, Seeker of Knowledge (II)",complete
"Noelle, Seeker of Knowledge (III)",complete
Never Forget (page does not exist),complete
Fertile Fields (page does not exist),complete
Lost in Translation (page does not exist),complete
A Royal Secret (page does not exist),complete
Up to No Good (page does not exist),complete
Russell's Repentance (page does not exist),complete
Star of the Stage (page does not exist),complete
Performance Art (page does not exist),complete
At Journey's End,complete
"Ria, Born to Roam (I) (page does not exist)",complete
"Ria, Born to Roam (I) (page does not exist)",complete
"Ria, Born to Roam (II) (page does not exist)",complete
"Ria, Born to Roam (III)",complete
Her Time to Shine (page does not exist),complete
The Bouncer,complete
The Adventures of Ali,complete
In Search of Sweets (page does not exist),complete
Shadow over the Sands,complete
Back with Bale (page does not exist),complete
The Prisoner's Plea (page does not exist),complete
In Search of the Unknown (page does not exist),complete
King Khalim's Conundrum (page does not exist),complete
"Meryl, Lost then Found (I)",complete
"Meryl, Lost then Found (I)",complete
"Meryl, Lost then Found (II)",complete
"Meryl, Lost then Found (III)",complete
For Want of Fish,complete
A Sweet Reunion,complete
Zeph and Mercedes (I),complete
Daughter of the Dark God (II),complete
The Worrywart,complete
The Pilgrims' Plight (page does not exist),complete
A Corpse with No Name,complete
The Hidden Hoard (page does not exist),complete
The Adventuring Life (page does not exist),complete
"Hello Again, Harald",complete
Daughter of the Dark God (I),complete
"Kaia, Mother of Dragons (II) (page does not exist)",complete
"Kaia, Mother of Dragons (III) (page does not exist)",complete
The Bandit's Code (page does not exist),complete
Sparks of Revolution,complete
Heathcote's High Jinks,complete
A Miner Dilemma (page does not exist),complete
The Weaver's Predicament (page does not exist),complete
Revello and Odette,complete
On the Precipice (page does not exist),complete
The Wayward Son (page does not exist),complete
Ashlan the Beastmaster (I) (page does not exist),complete
Ashlan the Beastmaster (I) (page does not exist),complete
Ashlan the Beastmaster (II) (page does not exist),complete
Ashlan the Beastmaster (III) (page does not exist),complete
Rite of Passage (page does not exist),complete
Way Through the Woods (page does not exist),complete
Alphas and the Impresario,complete
Arena Aspirations (page does not exist),complete
A Promising Venture (page does not exist),complete
Into Thin Air,complete
Again with Alaic (page does not exist),not complete
A Cub with No Name (page does not exist),not complete
Looting Grave Robber (page does not exist),not complete
"Kit, the Traveler",complete
