"Sir Miles, Servant of the Flame (I)",not complete
"Sir Miles, Servant of the Flame (I)",not complete
"Sir Miles, Servant of the Flame (II)",not complete
"Sir Miles, Servant of the Flame (III)",not complete
The Innocent Inmate,not complete
The Slumbering Giant,not complete
Lianna and Eliza,not complete
Let There Be Warmth,not complete
Setting Out,not complete
Arianna Again (I),not complete
Arianna Again (I),not complete
Arianna Again (II),not complete
Here Be Dragons,not complete
Heirloom of a High House,not complete
Ogen's Epilogue,not complete
Theracio's Tutelage (I),not complete
Theracio's Tutelage (I),not complete
Theracio's Tutelage (II),not complete
Theracio's Tutelage (III),not complete
The Prodigious Painting,not complete
Fit for a King,not complete
City of Gold,not complete
Zeph and Mercedes (II),not complete
In Search of Father (I),not complete
The Gravekeeper's Grief,not complete
The Price of Vengeance,not complete
Mikk and Makk Make Good,not complete
Scaredy Sheep,not complete
Tilting at Windmills (page does not exist),not complete
"Le Mann, Explorer Extraordinaire (I) (page does not exist)",not complete
"Le Mann, Explorer Extraordinaire (I) (page does not exist)",not complete
"Le Mann, Explorer Extraordinaire (II) (page does not exist)",not complete
"Le Mann, Explorer Extraordinaire (III) (page does not exist)",not complete
Love Unrequited (page does not exist),not complete
"Princess Mary, Redux (page does not exist)",not complete
In Search of Father (II),not complete
Left Behind (page does not exist),not complete
The Merchant's Path (page does not exist),not complete
Scourge of the Seas (page does not exist),not complete
An Exotic Aroma (page does not exist),not complete
The Diarist's Desire (page does not exist),not complete
Keeping Up with the Wyndhams (page does not exist),not complete
"Noelle, Seeker of Knowledge (I)",not complete
"Noelle, Seeker of Knowledge (I)",not complete
"Noelle, Seeker of Knowledge (II)",not complete
"Noelle, Seeker of Knowledge (III)",not complete
Never Forget (page does not exist),not complete
Fertile Fields (page does not exist),not complete
Lost in Translation (page does not exist),not complete
A Royal Secret (page does not exist),not complete
Up to No Good (page does not exist),not complete
Russell's Repentance (page does not exist),not complete
Star of the Stage (page does not exist),not complete
Performance Art (page does not exist),not complete
At Journey's End,not complete
"Ria, Born to Roam (I) (page does not exist)",not complete
"Ria, Born to Roam (I) (page does not exist)",not complete
"Ria, Born to Roam (II) (page does not exist)",not complete
"Ria, Born to Roam (III)",not complete
Her Time to Shine (page does not exist),not complete
The Bouncer,not complete
The Adventures of Ali,not complete
In Search of Sweets (page does not exist),not complete
Shadow over the Sands,not complete
Back with Bale (page does not exist),not complete
The Prisoner's Plea (page does not exist),not complete
In Search of the Unknown (page does not exist),not complete
King Khalim's Conundrum (page does not exist),not complete
"Meryl, Lost then Found (I)",not complete
"Meryl, Lost then Found (I)",not complete
"Meryl, Lost then Found (II)",not complete
"Meryl, Lost then Found (III)",not complete
For Want of Fish,not complete
A Sweet Reunion,not complete
Zeph and Mercedes (I),not complete
Daughter of the Dark God (II),not complete
The Worrywart,not complete
The Pilgrims' Plight (page does not exist),not complete
A Corpse with No Name,not complete
The Hidden Hoard (page does not exist),not complete
The Adventuring Life (page does not exist),not complete
"Hello Again, Harald",not complete
Daughter of the Dark God (I),not complete
"Kaia, Mother of Dragons (II) (page does not exist)",not complete
"Kaia, Mother of Dragons (III) (page does not exist)",not complete
The Bandit's Code (page does not exist),not complete
Sparks of Revolution,not complete
Heathcote's High Jinks,not complete
A Miner Dilemma (page does not exist),not complete
The Weaver's Predicament (page does not exist),not complete
Revello and Odette,not complete
On the Precipice (page does not exist),not complete
The Wayward Son (page does not exist),not complete
Ashlan the Beastmaster (I) (page does not exist),not complete
Ashlan the Beastmaster (I) (page does not exist),not complete
Ashlan the Beastmaster (II) (page does not exist),not complete
Ashlan the Beastmaster (III) (page does not exist),not complete
Rite of Passage (page does not exist),not complete
Way Through the Woods (page does not exist),not complete
Alphas and the Impresario,not complete
Arena Aspirations (page does not exist),not complete
A Promising Venture (page does not exist),not complete
Into Thin Air,not complete
Again with Alaic (page does not exist),not complete
A Cub with No Name (page does not exist),not complete
Looting Grave Robber (page does not exist),not complete
"Kit, the Traveler",not complete
